<?xml version="1.0" encoding="utf-8"?>
<productAdditionalComps>
   <dependsOn>
      <component>
         <name>Thermoneutralizer</name>
         <locale/>
         <platformList>
            <platform>maci64</platform>
         </platformList>
         <version>1.1</version>
      </component>
   </dependsOn>
   <isControllingProduct>true</isControllingProduct>
   <platform>maci64</platform>
   <productName>Thermoneutralizer</productName>
   <productNumber>5000</productNumber>
   <productVersion>1.1</productVersion>
   <releaseFamily>R2014a</releaseFamily>
</productAdditionalComps>