<?xml version="1.0" encoding="utf-8"?>
<ApplicationInstallerManifest>
   <DefaultInstallationDirectory>/Applications/Maastricht University/Thermoneutralizer/</DefaultInstallationDirectory>
   <ApplicationName>Thermoneutralizer</ApplicationName>
   <ExecutableName>application/Thermoneutralizer.exe</ExecutableName>
   <GUID>5966a23d-af61-4bcb-b1f6-87f90a25d1e6</GUID>
   <Icon>icon_48.png</Icon>
   <SplashScreen>splash665280000909597242.tmp</SplashScreen>
   <Logo>default_logo.png</Logo>
   <Version>1.1</Version>
   <AuthorOrganization>Maastricht University</AuthorOrganization>
   <Summary>Application to analyse the human thermoneutral zone.</Summary>
   <WelcomePanelText>Thermoneutralizer 1.1
Application to analyse the human thermoneutral zone.

Allows the user to see and understand the heat balance within the body and between the body and the environment. The user can adjust both personal characteristics such as height and weight, as well as environmental parameters such as wind speed.

Boris Kingma
boris.kingma@gmail.com</WelcomePanelText>
</ApplicationInstallerManifest>